Part,video name,SUBJECTS' RESULTS,,,,,,,,,,,,,,,,,,,,,,,,,,,,,,,,,,,,,,,,,,,,,,,,,,,,,,,,,,,
,,1,2,3,4,5,6,7,8,9,10,11,12,13,14,15,16,17,18,19,20,21,22,23,24,25,26,27,,MOS,,,,,,,,,,,,,,,,,,,,,,,,,,,,,,,
,,,,,,,,,,,,,,,,,,,,,,,,,,,,,,,,,,,,,,,,,,,,,,,,,,,,,,,,,,,,,
A,src01_hrc00.avi               ,4,5,5,4,5,4,5,5,4,5,3,4,5,5,3,5,4,5,5,5,5,5,5,3,5,5,4,,4.518518519,,,,,,,,,,,,,,,,,,,,,,,,,,,,,,,
B,src01_hrc00.avi               ,4,4,5,5,3,4,5,5,5,5,5,4,3,4,3,5,4,5,4,5,5,5,5,3,5,5,5,,4.444444444,,,,,,,,,,,,,,,,,,,,,,,,,,,,,,,
A,src01_hrc01.avi               ,4,4,4,4,3,4,4,5,3,5,4,4,5,4,4,5,4,4,5,4,4,4,5,3,4,4,4,,4.111111111,,,,,,,,,,,,,,,,,,,,,,,,,,,,,,,
B,src01_hrc02.avi               ,3,4,4,4,3,3,3,4,3,4,5,3,4,3,4,5,4,4,4,4,4,4,4,3,4,4,3,,3.740740741,,,,,,,,,,,,,,,,,,,,,,,,,,,,,,,
A,src01_hrc03.avi               ,2,4,3,4,2,3,2,4,3,4,3,3,2,2,3,3,3,4,3,4,3,4,4,5,3,4,4,,3.259259259,,,,,,,,,,,,,,,,,,,,,,,,,,,,,,,
B,src01_hrc04.avi               ,3,3,2,2,2,2,3,3,3,4,3,3,2,2,3,2,2,4,3,4,3,3,3,4,3,2,2,,2.777777778,,,,,,,,,,,,,,,,,,,,,,,,,,,,,,,
A,src01_hrc05.avi               ,4,4,4,4,3,5,4,5,4,5,4,5,3,5,3,5,4,4,4,4,4,4,5,3,4,5,4,,4.148148148,,,,,,,,,,,,,,,,,,,,,,,,,,,,,,,
B,src01_hrc06.avi               ,3,3,4,4,3,3,2,4,3,4,4,4,4,3,3,3,2,4,4,4,4,3,4,4,4,4,4,,3.518518519,,,,,,,,,,,,,,,,,,,,,,,,,,,,,,,
A,src01_hrc07.avi               ,2,3,2,3,2,3,1,2,3,3,2,3,2,2,2,2,2,3,2,3,3,2,3,3,3,3,3,,2.481481481,,,,,,,,,,,,,,,,,,,,,,,,,,,,,,,
B,src01_hrc08.avi               ,3,3,2,3,2,2,3,1,2,2,3,2,2,1,2,2,1,3,2,3,3,2,2,3,2,2,2,,2.222222222,,,,,,,,,,,,,,,,,,,,,,,,,,,,,,,
A,src01_hrc09.avi               ,4,3,4,4,4,4,3,5,5,5,4,4,5,4,3,4,4,4,3,4,4,4,5,5,4,5,4,,4.111111111,,,,,,,,,,,,,,,,,,,,,,,,,,,,,,,
B,src01_hrc10.avi               ,3,4,3,5,3,3,4,4,4,3,4,3,3,3,4,4,4,4,5,4,4,4,4,4,4,4,4,,3.777777778,,,,,,,,,,,,,,,,,,,,,,,,,,,,,,,
A,src01_hrc11.avi               ,3,3,2,3,1,2,1,2,3,3,2,2,2,2,2,2,2,3,2,3,2,3,3,2,3,2,3,,2.333333333,,,,,,,,,,,,,,,,,,,,,,,,,,,,,,,
B,src01_hrc12.avi               ,1,2,1,2,1,1,1,1,2,2,1,2,1,1,2,1,1,2,1,2,2,4,2,2,1,2,1,,1.555555556,,,,,,,,,,,,,,,,,,,,,,,,,,,,,,,
A,src01_hrc13.avi               ,4,4,4,5,4,4,5,5,5,5,5,4,4,5,4,5,4,4,4,5,5,4,5,4,5,5,4,,4.481481481,,,,,,,,,,,,,,,,,,,,,,,,,,,,,,,
B,src01_hrc14.avi               ,4,4,3,4,3,4,3,3,3,4,4,3,4,3,3,4,4,4,4,4,4,4,4,5,3,3,3,,3.62962963,,,,,,,,,,,,,,,,,,,,,,,,,,,,,,,
A,src01_hrc15.avi               ,2,3,2,3,2,2,1,2,3,2,2,3,2,1,2,2,1,3,2,3,2,2,2,2,3,2,2,,2.148148148,,,,,,,,,,,,,,,,,,,,,,,,,,,,,,,
B,src01_hrc16.avi               ,2,2,1,2,1,1,1,1,2,1,2,2,1,1,1,1,1,2,1,1,2,2,1,3,2,2,2,,1.518518519,,,,,,,,,,,,,,,,,,,,,,,,,,,,,,,
A,src01_hrc17.avi               ,3,3,2,3,2,3,2,2,2,4,3,3,2,2,2,3,2,4,5,4,3,3,3,4,3,3,3,,2.888888889,,,,,,,,,,,,,,,,,,,,,,,,,,,,,,,
B,src01_hrc18.avi               ,3,2,2,3,2,3,2,3,2,3,3,2,2,2,2,2,2,3,2,3,3,2,2,2,3,3,2,,2.407407407,,,,,,,,,,,,,,,,,,,,,,,,,,,,,,,
A,src01_hrc19.avi               ,1,2,2,2,1,1,1,1,1,2,2,2,1,1,1,1,1,2,1,2,1,1,1,1,2,2,2,,1.407407407,,,,,,,,,,,,,,,,,,,,,,,,,,,,,,,
B,src01_hrc20.avi               ,1,1,1,2,1,1,1,1,1,1,1,1,1,1,1,1,1,1,1,1,1,1,1,1,1,1,1,,1.037037037,,,,,,,,,,,,,,,,,,,,,,,,,,,,,,,
A,src01_hrc21.avi               ,4,4,4,5,3,4,5,5,4,5,5,4,4,5,3,4,4,5,5,4,4,4,5,5,4,5,4,,4.333333333,,,,,,,,,,,,,,,,,,,,,,,,,,,,,,,
A,src01_hrc22.avi               ,4,3,4,4,3,3,4,4,5,4,5,4,3,3,3,4,3,5,4,4,3,3,3,3,4,3,4,,3.666666667,,,,,,,,,,,,,,,,,,,,,,,,,,,,,,,
B,src01_hrc22.avi               ,4,4,4,4,2,3,4,3,4,4,4,4,4,4,3,3,4,4,3,4,3,4,4,4,4,4,4,,3.703703704,,,,,,,,,,,,,,,,,,,,,,,,,,,,,,,
A,src01_hrc23.avi               ,2,3,2,3,1,2,1,2,3,3,2,2,2,2,2,2,2,4,3,2,3,3,4,3,3,2,2,,2.407407407,,,,,,,,,,,,,,,,,,,,,,,,,,,,,,,
B,src01_hrc23.avi               ,3,3,2,3,2,2,1,2,3,2,2,3,1,2,2,2,2,4,2,3,2,3,2,3,3,2,2,,2.333333333,,,,,,,,,,,,,,,,,,,,,,,,,,,,,,,
B,src01_hrc24.avi               ,1,1,1,2,1,1,1,1,2,1,2,2,1,1,2,1,1,2,1,2,2,1,1,1,2,2,1,,1.37037037,,,,,,,,,,,,,,,,,,,,,,,,,,,,,,,
B,src01_hrc28.avi               ,1,1,1,1,1,1,1,1,1,1,1,1,1,2,1,1,1,1,1,2,1,2,1,1,1,1,1,,1.111111111,,,,,,,,,,,,,,,,,,,,,,,,,,,,,,,
A,src01_hrc29.avi               ,2,2,2,2,1,2,1,1,2,3,2,2,1,1,2,1,1,1,1,2,2,2,3,3,2,2,2,,1.777777778,,,,,,,,,,,,,,,,,,,,,,,,,,,,,,,
A,src02_hrc00.avi               ,5,5,5,4,5,5,4,5,5,5,5,4,5,5,3,5,5,5,5,5,4,5,5,4,4,5,4,,4.666666667,,,,,,,,,,,,,,,,,,,,,,,,,,,,,,,
B,src02_hrc00.avi               ,4,5,5,4,5,5,5,5,5,5,5,5,5,4,4,5,5,5,5,5,5,5,5,3,5,5,4,,4.740740741,,,,,,,,,,,,,,,,,,,,,,,,,,,,,,,
B,src02_hrc01.avi               ,4,5,5,5,4,4,5,5,5,4,4,5,5,2,4,5,4,4,5,5,5,5,4,4,4,5,4,,4.444444444,,,,,,,,,,,,,,,,,,,,,,,,,,,,,,,
A,src02_hrc02.avi               ,4,4,5,4,3,4,2,4,4,4,3,4,4,4,3,4,4,4,5,4,4,4,5,3,4,4,4,,3.888888889,,,,,,,,,,,,,,,,,,,,,,,,,,,,,,,
B,src02_hrc03.avi               ,3,4,4,4,3,3,4,3,3,4,3,4,4,2,3,3,3,4,4,4,4,3,3,4,3,4,3,,3.444444444,,,,,,,,,,,,,,,,,,,,,,,,,,,,,,,
A,src02_hrc04.avi               ,2,4,3,3,3,3,3,3,3,4,2,2,3,2,3,3,2,4,4,4,3,3,4,3,3,3,3,,3.037037037,,,,,,,,,,,,,,,,,,,,,,,,,,,,,,,
B,src02_hrc05.avi               ,4,5,5,4,4,4,3,5,3,5,4,4,4,4,4,5,5,4,4,5,5,5,4,4,4,4,5,,4.296296296,,,,,,,,,,,,,,,,,,,,,,,,,,,,,,,
A,src02_hrc06.avi               ,3,4,4,4,3,4,3,4,4,4,4,4,5,3,2,3,2,4,5,4,4,4,4,4,4,3,5,,3.740740741,,,,,,,,,,,,,,,,,,,,,,,,,,,,,,,
B,src02_hrc07.avi               ,2,3,2,3,1,2,2,2,2,3,3,3,2,2,2,2,3,3,1,3,3,4,3,5,2,2,2,,2.481481481,,,,,,,,,,,,,,,,,,,,,,,,,,,,,,,
A,src02_hrc08.avi               ,2,3,2,3,1,2,2,2,2,3,3,3,1,2,2,2,3,3,3,3,3,3,3,3,3,2,4,,2.518518519,,,,,,,,,,,,,,,,,,,,,,,,,,,,,,,
B,src02_hrc09.avi               ,5,5,5,4,5,4,5,4,5,5,4,5,5,4,4,4,5,4,5,5,4,5,4,5,4,4,3,,4.481481481,,,,,,,,,,,,,,,,,,,,,,,,,,,,,,,
A,src02_hrc10.avi               ,4,5,4,4,4,4,2,4,3,4,5,4,3,4,2,4,2,4,4,4,4,3,4,4,4,4,4,,3.740740741,,,,,,,,,,,,,,,,,,,,,,,,,,,,,,,
B,src02_hrc11.avi               ,3,3,2,3,2,2,2,3,2,3,3,2,2,2,2,3,2,3,2,3,3,3,3,4,2,2,2,,2.518518519,,,,,,,,,,,,,,,,,,,,,,,,,,,,,,,
A,src02_hrc12.avi               ,1,2,2,2,1,1,1,2,2,3,1,2,1,1,1,2,2,2,1,2,2,1,2,3,2,2,2,,1.703703704,,,,,,,,,,,,,,,,,,,,,,,,,,,,,,,
B,src02_hrc13.avi               ,4,5,5,5,4,4,5,5,5,5,5,4,5,4,4,4,5,4,4,5,4,5,5,4,4,5,4,,4.518518519,,,,,,,,,,,,,,,,,,,,,,,,,,,,,,,
A,src02_hrc14.avi               ,3,4,4,3,5,4,2,3,4,5,5,4,5,3,2,4,5,4,3,4,4,4,5,5,4,4,4,,3.925925926,,,,,,,,,,,,,,,,,,,,,,,,,,,,,,,
B,src02_hrc15.avi               ,3,3,2,3,2,2,1,2,3,3,3,3,2,2,2,3,2,2,1,3,2,3,3,4,2,2,2,,2.407407407,,,,,,,,,,,,,,,,,,,,,,,,,,,,,,,
A,src02_hrc16.avi               ,1,2,1,2,1,1,1,1,2,2,1,2,1,1,1,1,1,2,2,2,1,2,2,1,1,1,1,,1.37037037,,,,,,,,,,,,,,,,,,,,,,,,,,,,,,,
B,src02_hrc17.avi               ,3,3,3,3,2,3,3,4,3,3,3,3,3,2,3,3,2,4,3,4,4,4,4,3,4,4,3,,3.185185185,,,,,,,,,,,,,,,,,,,,,,,,,,,,,,,
A,src02_hrc18.avi               ,3,3,2,3,3,2,1,2,3,4,2,3,2,2,2,2,1,3,2,3,3,3,3,3,3,3,4,,2.592592593,,,,,,,,,,,,,,,,,,,,,,,,,,,,,,,
B,src02_hrc19.avi               ,1,2,2,2,1,1,1,1,1,2,2,2,1,2,1,1,1,2,1,3,2,2,2,2,2,2,2,,1.62962963,,,,,,,,,,,,,,,,,,,,,,,,,,,,,,,
A,src02_hrc20.avi               ,1,1,1,2,1,1,1,1,1,2,1,1,1,1,1,1,1,1,1,1,1,1,1,1,2,1,2,,1.148148148,,,,,,,,,,,,,,,,,,,,,,,,,,,,,,,
B,src02_hrc21.avi               ,4,5,5,4,4,4,5,5,3,5,5,5,4,5,4,5,4,4,4,5,5,5,4,5,4,5,4,,4.481481481,,,,,,,,,,,,,,,,,,,,,,,,,,,,,,,
A,src02_hrc22.avi               ,4,4,5,4,3,3,4,4,5,4,5,4,4,4,2,4,4,4,3,4,4,4,4,4,3,3,4,,3.851851852,,,,,,,,,,,,,,,,,,,,,,,,,,,,,,,
B,src02_hrc22.avi               ,4,4,4,5,5,3,3,4,4,4,3,4,5,3,3,4,4,4,4,4,4,4,4,5,3,5,3,,3.925925926,,,,,,,,,,,,,,,,,,,,,,,,,,,,,,,
A,src02_hrc23.avi               ,3,3,2,3,2,2,1,2,3,2,3,2,2,3,2,2,2,3,2,3,3,3,3,3,3,2,3,,2.481481481,,,,,,,,,,,,,,,,,,,,,,,,,,,,,,,
B,src02_hrc23.avi               ,2,3,2,3,2,2,1,2,2,3,3,3,2,2,2,2,2,3,1,3,3,3,3,3,2,2,2,,2.333333333,,,,,,,,,,,,,,,,,,,,,,,,,,,,,,,
A,src02_hrc24.avi               ,1,2,1,2,1,1,1,1,2,1,1,2,1,1,1,1,1,1,1,2,1,2,2,1,1,2,2,,1.333333333,,,,,,,,,,,,,,,,,,,,,,,,,,,,,,,
A,src02_hrc28.avi               ,4,1,1,2,1,1,1,1,3,2,1,2,1,1,1,1,1,1,1,1,1,2,2,1,2,1,1,,1.407407407,,,,,,,,,,,,,,,,,,,,,,,,,,,,,,,
B,src02_hrc29.avi               ,3,2,1,3,1,2,1,2,2,2,2,2,1,4,2,1,1,3,1,2,2,3,2,2,2,2,2,,1.962962963,,,,,,,,,,,,,,,,,,,,,,,,,,,,,,,
A,src03_hrc00.avi               ,4,4,5,5,5,4,4,5,4,5,5,5,5,5,4,5,5,5,5,5,5,5,5,4,5,5,5,,4.740740741,,,,,,,,,,,,,,,,,,,,,,,,,,,,,,,
B,src03_hrc00.avi               ,5,2,5,5,5,4,5,5,5,5,5,5,5,5,5,5,5,5,4,5,5,5,5,4,5,5,5,,4.777777778,,,,,,,,,,,,,,,,,,,,,,,,,,,,,,,
A,src03_hrc01.avi               ,4,4,4,5,5,5,4,5,5,5,5,4,5,4,4,5,5,4,5,5,4,5,5,5,5,4,5,,4.62962963,,,,,,,,,,,,,,,,,,,,,,,,,,,,,,,
B,src03_hrc02.avi               ,4,5,5,5,4,4,2,5,4,4,4,5,3,4,4,4,4,4,5,5,4,5,4,5,4,3,3,,4.148148148,,,,,,,,,,,,,,,,,,,,,,,,,,,,,,,
A,src03_hrc03.avi               ,3,4,4,3,3,3,2,5,3,4,4,3,3,2,3,3,1,4,5,4,5,5,4,3,4,3,5,,3.518518519,,,,,,,,,,,,,,,,,,,,,,,,,,,,,,,
B,src03_hrc04.avi               ,3,3,2,2,1,2,2,5,3,3,3,2,2,2,3,2,2,5,3,4,3,3,2,4,2,2,2,,2.666666667,,,,,,,,,,,,,,,,,,,,,,,,,,,,,,,
A,src03_hrc05.avi               ,3,5,5,5,4,4,4,4,4,5,5,4,5,5,4,5,4,4,5,5,4,4,5,3,5,4,5,,4.407407407,,,,,,,,,,,,,,,,,,,,,,,,,,,,,,,
B,src03_hrc06.avi               ,4,2,4,4,4,4,2,5,4,4,4,4,3,4,4,5,4,4,4,5,4,5,4,5,4,5,3,,4,,,,,,,,,,,,,,,,,,,,,,,,,,,,,,,
A,src03_hrc07.avi               ,3,4,3,3,3,3,2,5,4,4,3,3,3,2,3,3,3,4,5,4,3,4,4,2,3,2,4,,3.296296296,,,,,,,,,,,,,,,,,,,,,,,,,,,,,,,
B,src03_hrc08.avi               ,2,2,2,3,2,3,2,4,2,4,3,3,1,1,3,2,1,4,4,3,2,3,2,2,2,2,2,,2.444444444,,,,,,,,,,,,,,,,,,,,,,,,,,,,,,,
A,src03_hrc09.avi               ,4,4,5,5,4,4,4,5,4,5,4,5,4,5,3,5,4,5,5,5,4,5,4,5,4,5,5,,4.481481481,,,,,,,,,,,,,,,,,,,,,,,,,,,,,,,
B,src03_hrc10.avi               ,4,5,4,4,5,4,2,5,4,5,4,4,3,3,4,5,4,4,5,5,4,5,5,5,4,4,2,,4.148148148,,,,,,,,,,,,,,,,,,,,,,,,,,,,,,,
A,src03_hrc11.avi               ,4,2,3,3,3,2,1,4,3,4,3,3,2,2,3,3,3,4,4,3,2,3,3,4,2,2,3,,2.888888889,,,,,,,,,,,,,,,,,,,,,,,,,,,,,,,
B,src03_hrc12.avi               ,3,2,2,2,1,1,1,1,2,2,2,2,1,1,3,1,1,3,2,2,2,3,2,2,2,2,2,,1.851851852,,,,,,,,,,,,,,,,,,,,,,,,,,,,,,,
A,src03_hrc13.avi               ,5,5,5,5,4,4,4,5,4,5,3,5,3,5,4,5,4,5,4,5,5,5,5,5,4,5,5,,4.555555556,,,,,,,,,,,,,,,,,,,,,,,,,,,,,,,
B,src03_hrc14.avi               ,4,4,5,4,4,4,3,5,5,4,4,4,3,3,4,4,4,5,5,4,4,5,4,5,4,3,4,,4.111111111,,,,,,,,,,,,,,,,,,,,,,,,,,,,,,,
A,src03_hrc15.avi               ,2,3,2,4,1,2,2,2,3,4,4,3,2,2,4,2,4,3,5,3,2,3,3,3,2,4,3,,2.851851852,,,,,,,,,,,,,,,,,,,,,,,,,,,,,,,
B,src03_hrc16.avi               ,1,2,1,2,1,1,1,2,2,3,2,2,1,2,2,1,1,2,1,3,1,3,2,2,1,2,1,,1.666666667,,,,,,,,,,,,,,,,,,,,,,,,,,,,,,,
A,src03_hrc17.avi               ,3,3,4,2,1,4,2,4,2,3,3,2,2,2,4,2,2,4,4,3,4,3,2,3,3,2,3,,2.814814815,,,,,,,,,,,,,,,,,,,,,,,,,,,,,,,
B,src03_hrc18.avi               ,2,3,2,3,2,2,2,4,2,2,2,2,2,2,3,2,2,3,4,4,3,3,2,3,2,2,2,,2.481481481,,,,,,,,,,,,,,,,,,,,,,,,,,,,,,,
A,src03_hrc19.avi               ,3,2,1,2,1,2,1,1,3,2,2,3,1,1,2,2,1,3,1,2,2,2,1,2,2,2,3,,1.851851852,,,,,,,,,,,,,,,,,,,,,,,,,,,,,,,
B,src03_hrc20.avi               ,1,1,1,1,1,1,1,1,1,1,1,1,1,1,1,1,1,2,3,1,1,1,1,1,1,1,1,,1.111111111,,,,,,,,,,,,,,,,,,,,,,,,,,,,,,,
A,src03_hrc21.avi               ,5,5,5,4,4,4,4,5,4,5,5,4,4,5,5,5,5,5,5,5,5,5,5,5,5,3,4,,4.62962963,,,,,,,,,,,,,,,,,,,,,,,,,,,,,,,
A,src03_hrc22.avi               ,4,5,4,5,4,4,2,5,4,4,4,4,3,5,3,4,5,4,5,4,3,5,5,3,4,3,5,,4.074074074,,,,,,,,,,,,,,,,,,,,,,,,,,,,,,,
B,src03_hrc22.avi               ,3,4,5,4,4,4,2,5,4,5,5,4,3,3,4,5,4,4,5,5,4,4,4,4,4,5,3,,4.074074074,,,,,,,,,,,,,,,,,,,,,,,,,,,,,,,
A,src03_hrc23.avi               ,4,4,3,3,3,2,1,5,3,4,4,4,3,2,3,3,3,4,4,4,3,4,4,4,3,2,4,,3.333333333,,,,,,,,,,,,,,,,,,,,,,,,,,,,,,,
B,src03_hrc23.avi               ,2,3,3,4,4,2,1,5,3,4,3,3,3,2,3,4,4,4,4,3,3,3,4,3,3,2,3,,3.148148148,,,,,,,,,,,,,,,,,,,,,,,,,,,,,,,
B,src03_hrc24.avi               ,2,2,1,2,1,2,1,1,1,1,2,2,1,1,2,1,1,2,1,2,1,2,1,1,1,2,1,,1.407407407,,,,,,,,,,,,,,,,,,,,,,,,,,,,,,,
B,src03_hrc28.avi               ,1,1,1,2,1,1,1,1,1,1,1,2,1,1,2,1,2,1,1,1,1,2,2,2,1,1,1,,1.259259259,,,,,,,,,,,,,,,,,,,,,,,,,,,,,,,
A,src03_hrc29.avi               ,1,1,2,2,1,2,1,2,2,3,2,2,1,1,2,1,1,2,3,2,2,2,2,2,2,2,1,,1.740740741,,,,,,,,,,,,,,,,,,,,,,,,,,,,,,,
A,src04_hrc00.avi               ,5,3,4,4,3,4,2,4,4,5,3,4,5,4,2,4,4,5,3,4,4,4,5,5,4,4,3,,3.888888889,,,,,,,,,,,,,,,,,,,,,,,,,,,,,,,
B,src04_hrc00.avi               ,5,3,5,4,5,4,5,4,3,4,4,4,5,3,4,4,4,5,4,5,4,4,5,4,4,3,3,,4.111111111,,,,,,,,,,,,,,,,,,,,,,,,,,,,,,,
B,src04_hrc01.avi               ,4,4,5,3,4,3,4,4,3,3,4,4,5,4,4,4,4,4,5,4,3,4,5,5,4,4,4,,4,,,,,,,,,,,,,,,,,,,,,,,,,,,,,,,
A,src04_hrc02.avi               ,3,3,4,4,3,4,3,4,3,4,4,3,4,5,3,4,4,4,4,4,3,4,4,5,4,4,4,,3.777777778,,,,,,,,,,,,,,,,,,,,,,,,,,,,,,,
B,src04_hrc03.avi               ,4,4,5,4,4,3,4,3,4,4,3,3,3,3,4,4,4,4,4,4,3,4,4,5,3,3,2,,3.666666667,,,,,,,,,,,,,,,,,,,,,,,,,,,,,,,
A,src04_hrc04.avi               ,3,4,4,3,3,4,3,4,3,5,3,2,3,3,3,3,3,4,3,4,3,4,4,3,3,5,3,,3.407407407,,,,,,,,,,,,,,,,,,,,,,,,,,,,,,,
B,src04_hrc05.avi               ,4,4,5,3,4,4,4,4,4,4,4,3,4,3,4,4,3,5,3,5,4,4,5,4,3,4,3,,3.888888889,,,,,,,,,,,,,,,,,,,,,,,,,,,,,,,
A,src04_hrc06.avi               ,3,3,3,3,2,4,2,3,3,4,3,4,3,3,3,3,2,4,3,4,3,3,4,4,4,4,3,,3.222222222,,,,,,,,,,,,,,,,,,,,,,,,,,,,,,,
B,src04_hrc07.avi               ,3,3,3,2,4,2,3,2,3,3,3,2,3,2,3,2,2,4,4,3,2,4,3,4,3,2,2,,2.814814815,,,,,,,,,,,,,,,,,,,,,,,,,,,,,,,
A,src04_hrc08.avi               ,2,1,3,3,2,2,3,3,2,3,2,2,2,1,3,2,2,4,4,3,3,3,3,2,3,2,2,,2.481481481,,,,,,,,,,,,,,,,,,,,,,,,,,,,,,,
B,src04_hrc09.avi               ,5,4,5,3,4,4,4,3,4,4,4,3,4,3,3,4,4,4,4,5,5,4,5,4,3,5,3,,3.962962963,,,,,,,,,,,,,,,,,,,,,,,,,,,,,,,
A,src04_hrc10.avi               ,3,3,3,3,3,4,3,4,3,4,2,3,3,3,3,3,3,4,3,4,3,3,4,4,3,4,3,,3.259259259,,,,,,,,,,,,,,,,,,,,,,,,,,,,,,,
B,src04_hrc11.avi               ,2,3,2,3,2,2,1,2,2,3,2,3,2,2,3,2,2,3,2,3,2,2,3,3,2,3,2,,2.333333333,,,,,,,,,,,,,,,,,,,,,,,,,,,,,,,
A,src04_hrc12.avi               ,1,2,2,2,1,1,1,1,2,3,2,2,1,1,2,1,1,2,2,2,2,2,2,4,2,2,1,,1.740740741,,,,,,,,,,,,,,,,,,,,,,,,,,,,,,,
B,src04_hrc13.avi               ,3,4,5,3,4,4,5,4,3,3,4,4,5,3,4,4,4,5,4,4,4,3,5,5,4,4,4,,4,,,,,,,,,,,,,,,,,,,,,,,,,,,,,,,
A,src04_hrc14.avi               ,3,3,3,3,4,4,3,3,4,4,3,3,4,4,3,4,3,4,4,4,4,3,5,3,3,2,4,,3.481481481,,,,,,,,,,,,,,,,,,,,,,,,,,,,,,,
B,src04_hrc15.avi               ,2,2,2,2,2,2,2,3,2,2,2,2,2,2,3,2,2,3,4,3,3,3,2,2,2,2,2,,2.296296296,,,,,,,,,,,,,,,,,,,,,,,,,,,,,,,
A,src04_hrc16.avi               ,1,1,1,2,1,1,1,1,1,1,1,2,1,1,1,1,1,2,1,1,1,1,1,2,1,1,1,,1.148148148,,,,,,,,,,,,,,,,,,,,,,,,,,,,,,,
B,src04_hrc17.avi               ,3,4,5,4,4,3,4,4,3,4,3,4,5,3,4,4,4,4,4,4,3,5,4,4,3,4,2,,3.777777778,,,,,,,,,,,,,,,,,,,,,,,,,,,,,,,
A,src04_hrc18.avi               ,3,3,3,3,2,3,2,3,3,3,2,3,2,2,3,2,3,4,3,3,3,3,3,4,3,3,3,,2.851851852,,,,,,,,,,,,,,,,,,,,,,,,,,,,,,,
B,src04_hrc19.avi               ,1,1,1,2,1,1,1,1,1,2,2,2,1,2,2,1,1,2,1,2,1,2,2,3,1,1,1,,1.444444444,,,,,,,,,,,,,,,,,,,,,,,,,,,,,,,
A,src04_hrc20.avi               ,1,1,1,1,1,1,1,1,1,1,1,1,1,1,1,1,1,1,1,1,1,1,1,1,1,1,1,,1,,,,,,,,,,,,,,,,,,,,,,,,,,,,,,,
B,src04_hrc21.avi               ,5,4,5,3,5,4,4,5,3,4,3,4,5,3,3,4,4,4,4,4,4,4,5,5,3,4,3,,4,,,,,,,,,,,,,,,,,,,,,,,,,,,,,,,
A,src04_hrc22.avi               ,3,3,3,4,3,4,3,4,4,4,4,4,3,4,3,3,3,4,4,4,3,3,4,4,4,3,3,,3.518518519,,,,,,,,,,,,,,,,,,,,,,,,,,,,,,,
B,src04_hrc22.avi               ,3,2,3,3,3,3,3,4,3,4,3,3,5,2,4,3,4,4,4,4,3,5,4,4,3,3,3,,3.407407407,,,,,,,,,,,,,,,,,,,,,,,,,,,,,,,
A,src04_hrc23.avi               ,2,2,2,2,2,2,2,2,2,3,3,3,2,2,3,2,1,3,2,3,2,3,2,3,2,2,2,,2.259259259,,,,,,,,,,,,,,,,,,,,,,,,,,,,,,,
B,src04_hrc23.avi               ,2,2,2,1,1,2,2,2,2,2,3,2,2,1,3,3,2,3,5,3,2,2,2,4,2,2,1,,2.222222222,,,,,,,,,,,,,,,,,,,,,,,,,,,,,,,
A,src04_hrc24.avi               ,1,1,1,2,1,1,1,1,1,1,1,1,1,1,1,1,1,2,2,1,1,1,2,2,1,1,2,,1.222222222,,,,,,,,,,,,,,,,,,,,,,,,,,,,,,,
A,src04_hrc28.avi               ,1,1,1,2,1,2,1,1,2,2,1,2,1,2,1,1,1,1,1,1,1,2,1,3,2,1,1,,1.37037037,,,,,,,,,,,,,,,,,,,,,,,,,,,,,,,
B,src04_hrc29.avi               ,1,2,1,1,1,2,1,4,1,1,2,1,2,1,3,1,2,2,1,2,1,3,2,2,1,2,1,,1.62962963,,,,,,,,,,,,,,,,,,,,,,,,,,,,,,,
A,src05_hrc00.avi               ,4,5,5,5,3,4,4,5,5,5,4,5,4,5,4,5,5,5,4,5,4,4,5,3,5,4,5,,4.481481481,,,,,,,,,,,,,,,,,,,,,,,,,,,,,,,
B,src05_hrc00.avi               ,5,5,5,5,5,4,5,5,5,5,5,5,5,5,4,5,5,5,4,5,5,5,5,5,5,3,5,,4.814814815,,,,,,,,,,,,,,,,,,,,,,,,,,,,,,,
A,src05_hrc01.avi               ,4,5,5,4,3,4,4,5,5,5,5,4,3,5,3,4,3,4,5,5,5,4,4,4,5,4,5,,4.296296296,,,,,,,,,,,,,,,,,,,,,,,,,,,,,,,
B,src05_hrc02.avi               ,3,4,5,4,3,3,3,5,4,5,4,4,4,4,3,4,4,4,4,4,4,4,4,5,4,3,3,,3.888888889,,,,,,,,,,,,,,,,,,,,,,,,,,,,,,,
A,src05_hrc03.avi               ,3,4,2,3,3,3,2,4,3,4,3,3,2,2,3,3,1,4,3,3,3,3,3,3,3,3,3,,2.925925926,,,,,,,,,,,,,,,,,,,,,,,,,,,,,,,
B,src05_hrc04.avi               ,2,3,2,2,2,2,3,2,2,3,3,2,2,2,2,2,1,4,4,3,3,3,2,3,2,2,2,,2.407407407,,,,,,,,,,,,,,,,,,,,,,,,,,,,,,,
A,src05_hrc05.avi               ,3,5,5,5,3,4,3,5,3,5,5,4,4,5,4,4,5,4,4,5,5,5,4,4,5,5,4,,4.333333333,,,,,,,,,,,,,,,,,,,,,,,,,,,,,,,
B,src05_hrc06.avi               ,3,3,5,4,4,4,3,3,4,5,3,3,4,4,3,3,4,4,4,4,3,4,4,4,3,3,4,,3.666666667,,,,,,,,,,,,,,,,,,,,,,,,,,,,,,,
A,src05_hrc07.avi               ,2,3,2,3,2,2,1,3,3,4,2,3,1,1,2,2,1,4,2,3,2,3,2,2,3,3,3,,2.37037037,,,,,,,,,,,,,,,,,,,,,,,,,,,,,,,
B,src05_hrc08.avi               ,2,2,2,2,1,1,2,3,2,3,2,2,2,1,3,2,1,3,2,3,3,2,2,2,2,2,2,,2.074074074,,,,,,,,,,,,,,,,,,,,,,,,,,,,,,,
A,src05_hrc09.avi               ,4,4,5,4,3,4,4,5,5,5,4,4,4,5,4,5,4,4,4,4,5,5,4,4,5,4,5,,4.333333333,,,,,,,,,,,,,,,,,,,,,,,,,,,,,,,
B,src05_hrc10.avi               ,4,4,4,3,3,3,2,5,4,5,4,4,3,4,3,4,3,4,3,4,4,4,4,3,4,4,4,,3.703703704,,,,,,,,,,,,,,,,,,,,,,,,,,,,,,,
A,src05_hrc11.avi               ,2,3,1,2,1,1,1,2,3,3,2,2,1,2,2,1,1,4,3,2,2,2,2,2,2,2,3,,2,,,,,,,,,,,,,,,,,,,,,,,,,,,,,,,
B,src05_hrc12.avi               ,1,1,1,2,1,1,1,1,1,2,1,1,1,1,1,1,1,2,1,1,2,2,1,2,1,2,1,,1.259259259,,,,,,,,,,,,,,,,,,,,,,,,,,,,,,,
A,src05_hrc13.avi               ,4,4,5,4,5,4,4,5,3,5,5,5,3,5,4,5,4,4,5,5,4,5,4,5,5,4,4,,4.407407407,,,,,,,,,,,,,,,,,,,,,,,,,,,,,,,
B,src05_hrc14.avi               ,4,4,4,4,4,3,3,4,4,4,3,4,3,4,3,4,4,3,4,4,4,5,4,4,3,3,3,,3.703703704,,,,,,,,,,,,,,,,,,,,,,,,,,,,,,,
A,src05_hrc15.avi               ,1,3,2,2,1,1,1,2,3,4,2,2,2,2,2,2,1,3,1,2,2,3,2,1,3,2,2,,2,,,,,,,,,,,,,,,,,,,,,,,,,,,,,,,
B,src05_hrc16.avi               ,1,1,1,1,1,1,1,1,1,1,1,1,1,1,1,1,1,2,1,1,2,1,2,1,1,2,1,,1.148148148,,,,,,,,,,,,,,,,,,,,,,,,,,,,,,,
A,src05_hrc17.avi               ,3,2,2,3,1,2,2,2,2,3,2,3,2,1,3,3,3,4,4,3,2,3,2,3,3,3,2,,2.518518519,,,,,,,,,,,,,,,,,,,,,,,,,,,,,,,
B,src05_hrc18.avi               ,3,3,2,2,1,2,3,2,2,3,2,2,2,1,2,2,1,3,1,3,2,2,3,2,2,2,2,,2.111111111,,,,,,,,,,,,,,,,,,,,,,,,,,,,,,,
A,src05_hrc19.avi               ,1,1,1,2,1,1,1,1,1,2,1,1,1,1,1,1,1,2,1,1,1,1,2,1,1,2,1,,1.185185185,,,,,,,,,,,,,,,,,,,,,,,,,,,,,,,
B,src05_hrc20.avi               ,1,1,1,1,1,1,1,1,1,1,1,1,1,1,1,1,1,1,1,1,1,1,1,1,1,1,1,,1,,,,,,,,,,,,,,,,,,,,,,,,,,,,,,,
A,src05_hrc21.avi               ,4,4,4,5,4,4,5,5,4,5,2,5,3,5,3,5,4,5,4,4,4,5,5,4,4,5,5,,4.296296296,,,,,,,,,,,,,,,,,,,,,,,,,,,,,,,
A,src05_hrc22.avi               ,3,4,4,4,4,4,3,5,3,5,4,4,2,3,3,4,4,4,3,4,3,4,3,3,3,3,4,,3.592592593,,,,,,,,,,,,,,,,,,,,,,,,,,,,,,,
B,src05_hrc22.avi               ,4,3,4,3,3,3,3,4,3,5,3,4,4,3,3,3,4,4,3,4,4,5,5,5,4,4,3,,3.703703704,,,,,,,,,,,,,,,,,,,,,,,,,,,,,,,
A,src05_hrc23.avi               ,2,2,2,2,1,2,2,2,2,3,1,3,1,2,2,2,1,4,2,2,2,2,2,2,2,3,2,,2.037037037,,,,,,,,,,,,,,,,,,,,,,,,,,,,,,,
B,src05_hrc23.avi               ,2,2,3,2,1,2,1,2,3,3,2,3,2,2,3,2,2,3,1,3,2,3,2,2,1,2,2,,2.148148148,,,,,,,,,,,,,,,,,,,,,,,,,,,,,,,
B,src05_hrc24.avi               ,1,1,1,1,1,1,1,1,1,1,1,2,1,1,1,1,1,1,1,1,1,2,1,1,1,2,1,,1.111111111,,,,,,,,,,,,,,,,,,,,,,,,,,,,,,,
B,src05_hrc28.avi               ,1,1,1,1,1,1,1,1,1,2,1,1,1,2,1,1,1,1,1,1,1,2,1,1,1,1,1,,1.111111111,,,,,,,,,,,,,,,,,,,,,,,,,,,,,,,
A,src05_hrc29.avi               ,2,2,2,1,1,1,1,1,2,3,2,2,1,1,1,1,1,2,1,1,1,2,1,1,1,2,2,,1.444444444,,,,,,,,,,,,,,,,,,,,,,,,,,,,,,,
A,src07_hrc00.avi               ,5,5,5,5,4,4,4,5,4,5,5,5,5,5,5,4,5,5,5,5,5,5,5,4,5,4,5,,4.740740741,,,,,,,,,,,,,,,,,,,,,,,,,,,,,,,
B,src07_hrc00.avi               ,4,5,4,5,4,5,3,4,5,5,5,5,5,5,4,4,5,5,4,4,5,5,5,5,5,3,5,,4.555555556,,,,,,,,,,,,,,,,,,,,,,,,,,,,,,,
A,src07_hrc01.avi               ,4,4,5,5,3,4,5,4,5,5,4,5,4,5,4,5,4,4,5,5,4,5,4,4,5,4,4,,4.407407407,,,,,,,,,,,,,,,,,,,,,,,,,,,,,,,
B,src07_hrc02.avi               ,4,4,4,5,3,4,4,4,4,5,5,3,4,4,4,3,4,4,5,5,3,5,4,4,4,3,3,,4,,,,,,,,,,,,,,,,,,,,,,,,,,,,,,,
A,src07_hrc03.avi               ,3,4,3,3,2,3,3,4,4,4,2,3,2,3,3,2,2,4,5,4,3,3,3,3,4,3,4,,3.185185185,,,,,,,,,,,,,,,,,,,,,,,,,,,,,,,
B,src07_hrc04.avi               ,2,3,2,3,2,3,3,4,3,4,2,3,3,2,3,3,2,4,4,4,3,4,3,2,3,3,2,,2.925925926,,,,,,,,,,,,,,,,,,,,,,,,,,,,,,,
A,src07_hrc05.avi               ,5,5,4,5,4,5,4,5,4,5,4,4,4,5,4,4,5,4,5,5,4,3,5,5,4,4,4,,4.407407407,,,,,,,,,,,,,,,,,,,,,,,,,,,,,,,
B,src07_hrc06.avi               ,3,3,4,4,4,3,3,5,4,4,4,4,5,4,4,3,4,4,4,4,4,4,5,4,4,4,3,,3.888888889,,,,,,,,,,,,,,,,,,,,,,,,,,,,,,,
A,src07_hrc07.avi               ,3,3,3,3,2,2,2,3,3,3,3,3,3,2,2,2,2,4,3,4,2,3,4,3,3,2,3,,2.777777778,,,,,,,,,,,,,,,,,,,,,,,,,,,,,,,
B,src07_hrc08.avi               ,2,4,2,2,2,2,2,2,2,3,2,3,2,2,3,2,2,4,2,3,3,3,3,2,3,2,2,,2.444444444,,,,,,,,,,,,,,,,,,,,,,,,,,,,,,,
A,src07_hrc09.avi               ,4,5,4,4,4,4,5,5,4,5,4,4,4,5,4,4,4,3,5,5,4,5,4,1,5,3,5,,4.185185185,,,,,,,,,,,,,,,,,,,,,,,,,,,,,,,
B,src07_hrc10.avi               ,3,4,4,5,2,3,3,5,4,5,5,4,3,5,4,4,4,4,1,5,4,4,4,4,4,4,4,,3.888888889,,,,,,,,,,,,,,,,,,,,,,,,,,,,,,,
A,src07_hrc11.avi               ,3,3,2,2,2,2,1,4,2,4,2,3,2,2,2,3,2,3,2,3,2,2,3,3,3,3,4,,2.555555556,,,,,,,,,,,,,,,,,,,,,,,,,,,,,,,
B,src07_hrc12.avi               ,1,2,1,2,1,1,1,1,2,2,2,2,1,2,2,1,1,2,1,2,2,2,2,1,1,2,1,,1.518518519,,,,,,,,,,,,,,,,,,,,,,,,,,,,,,,
A,src07_hrc13.avi               ,5,5,4,5,5,5,5,4,5,5,3,4,3,5,4,4,4,5,5,5,5,5,5,4,4,4,5,,4.518518519,,,,,,,,,,,,,,,,,,,,,,,,,,,,,,,
B,src07_hrc14.avi               ,4,4,3,4,3,3,5,5,3,4,4,5,3,3,3,3,5,4,5,5,4,4,4,5,4,4,3,,3.925925926,,,,,,,,,,,,,,,,,,,,,,,,,,,,,,,
A,src07_hrc15.avi               ,3,3,2,2,2,2,2,2,3,3,2,2,2,2,2,2,2,3,2,3,3,3,3,3,2,2,3,,2.407407407,,,,,,,,,,,,,,,,,,,,,,,,,,,,,,,
B,src07_hrc16.avi               ,1,2,1,1,1,2,1,1,2,1,2,2,1,1,2,1,1,2,1,2,1,1,2,1,1,1,1,,1.333333333,,,,,,,,,,,,,,,,,,,,,,,,,,,,,,,
A,src07_hrc17.avi               ,2,3,2,3,1,3,4,3,2,4,3,2,2,2,3,3,2,4,5,4,3,3,3,3,3,3,3,,2.888888889,,,,,,,,,,,,,,,,,,,,,,,,,,,,,,,
B,src07_hrc18.avi               ,2,3,2,3,1,2,2,2,3,3,3,2,2,2,3,1,2,4,1,4,2,3,3,3,2,2,2,,2.37037037,,,,,,,,,,,,,,,,,,,,,,,,,,,,,,,
A,src07_hrc19.avi               ,2,2,1,2,1,1,1,1,2,2,1,2,1,1,1,2,1,2,1,2,1,1,2,1,2,2,2,,1.481481481,,,,,,,,,,,,,,,,,,,,,,,,,,,,,,,
B,src07_hrc20.avi               ,1,1,1,1,1,1,1,1,1,1,1,1,1,1,1,1,1,1,1,1,1,1,1,1,1,1,1,,1,,,,,,,,,,,,,,,,,,,,,,,,,,,,,,,
A,src07_hrc21.avi               ,4,4,5,5,3,4,4,5,5,5,5,5,5,4,4,4,4,4,5,5,5,5,5,3,4,4,5,,4.444444444,,,,,,,,,,,,,,,,,,,,,,,,,,,,,,,
A,src07_hrc22.avi               ,3,4,4,3,3,3,2,4,5,4,4,5,3,3,4,3,3,4,3,4,4,5,4,3,4,4,5,,3.703703704,,,,,,,,,,,,,,,,,,,,,,,,,,,,,,,
B,src07_hrc22.avi               ,4,4,4,4,4,4,4,4,4,4,4,4,4,4,4,4,5,4,2,4,4,5,4,3,5,5,3,,4,,,,,,,,,,,,,,,,,,,,,,,,,,,,,,,
A,src07_hrc23.avi               ,2,3,2,2,2,2,2,2,3,3,3,2,2,2,2,2,1,3,1,3,2,2,3,3,3,3,3,,2.333333333,,,,,,,,,,,,,,,,,,,,,,,,,,,,,,,
B,src07_hrc23.avi               ,1,2,2,2,2,2,2,3,3,2,1,3,2,2,3,2,2,3,1,4,2,2,3,2,2,2,2,,2.185185185,,,,,,,,,,,,,,,,,,,,,,,,,,,,,,,
B,src07_hrc24.avi               ,1,2,1,1,1,1,1,1,1,1,1,1,1,1,2,1,1,3,1,2,1,1,2,1,1,2,1,,1.259259259,,,,,,,,,,,,,,,,,,,,,,,,,,,,,,,
B,src07_hrc28.avi               ,1,1,1,2,1,1,1,1,1,2,1,2,1,1,2,1,1,2,1,1,1,2,2,1,1,2,1,,1.296296296,,,,,,,,,,,,,,,,,,,,,,,,,,,,,,,
A,src07_hrc29.avi               ,2,3,2,2,1,2,1,2,2,3,2,2,1,2,1,1,2,2,2,2,2,2,2,2,3,2,3,,1.962962963,,,,,,,,,,,,,,,,,,,,,,,,,,,,,,,
A,src08_hrc00.avi               ,5,5,5,5,5,5,5,5,5,5,3,5,5,5,5,5,5,5,5,4,5,5,5,5,5,5,5,,4.888888889,,,,,,,,,,,,,,,,,,,,,,,,,,,,,,,
B,src08_hrc00.avi               ,4,5,4,5,4,4,4,5,4,5,5,5,5,5,4,5,5,5,4,4,5,4,5,4,5,5,5,,4.592592593,,,,,,,,,,,,,,,,,,,,,,,,,,,,,,,
B,src08_hrc01.avi               ,5,5,3,5,5,5,5,5,4,5,5,4,5,5,4,5,4,5,5,5,4,4,5,5,5,5,4,,4.666666667,,,,,,,,,,,,,,,,,,,,,,,,,,,,,,,
A,src08_hrc02.avi               ,4,4,4,4,4,4,4,5,5,5,5,5,4,4,4,4,4,4,5,5,4,4,5,4,3,5,4,,4.296296296,,,,,,,,,,,,,,,,,,,,,,,,,,,,,,,
B,src08_hrc03.avi               ,3,3,3,4,2,3,2,3,3,4,3,3,3,2,3,3,2,4,4,4,4,5,3,4,3,2,3,,3.148148148,,,,,,,,,,,,,,,,,,,,,,,,,,,,,,,
A,src08_hrc04.avi               ,3,3,3,3,2,3,2,3,3,3,2,4,2,2,3,2,2,4,3,3,3,3,3,3,3,3,4,,2.851851852,,,,,,,,,,,,,,,,,,,,,,,,,,,,,,,
B,src08_hrc05.avi               ,4,5,5,4,5,4,2,5,5,5,5,5,5,4,4,5,5,4,5,5,5,4,5,5,5,5,4,,4.592592593,,,,,,,,,,,,,,,,,,,,,,,,,,,,,,,
A,src08_hrc06.avi               ,4,4,4,5,4,4,3,5,3,4,5,4,4,4,4,4,4,4,4,5,4,4,4,2,5,4,4,,4.037037037,,,,,,,,,,,,,,,,,,,,,,,,,,,,,,,
B,src08_hrc07.avi               ,3,4,3,4,2,3,2,4,3,3,3,3,3,2,3,3,2,4,4,4,3,4,3,2,3,2,3,,3.037037037,,,,,,,,,,,,,,,,,,,,,,,,,,,,,,,
A,src08_hrc08.avi               ,2,3,2,3,1,2,1,2,2,4,2,2,1,1,2,2,2,3,4,3,3,2,3,3,3,2,3,,2.333333333,,,,,,,,,,,,,,,,,,,,,,,,,,,,,,,
B,src08_hrc09.avi               ,4,5,5,4,5,4,4,5,5,5,3,5,4,5,4,5,4,4,5,5,4,5,5,4,5,5,4,,4.518518519,,,,,,,,,,,,,,,,,,,,,,,,,,,,,,,
A,src08_hrc10.avi               ,4,4,5,4,4,3,2,4,4,5,3,5,4,4,4,5,5,4,5,5,4,5,5,5,5,4,4,,4.259259259,,,,,,,,,,,,,,,,,,,,,,,,,,,,,,,
B,src08_hrc11.avi               ,3,3,3,3,2,3,2,3,4,3,3,3,2,3,3,4,2,4,4,4,3,4,3,4,2,3,3,,3.074074074,,,,,,,,,,,,,,,,,,,,,,,,,,,,,,,
A,src08_hrc12.avi               ,1,2,1,2,1,2,1,1,2,2,1,2,1,1,2,1,1,3,4,2,2,2,2,1,2,2,2,,1.703703704,,,,,,,,,,,,,,,,,,,,,,,,,,,,,,,
B,src08_hrc13.avi               ,4,5,5,5,5,5,5,5,5,5,4,4,5,2,4,5,5,4,5,4,4,4,5,4,5,4,5,,4.518518519,,,,,,,,,,,,,,,,,,,,,,,,,,,,,,,
A,src08_hrc14.avi               ,4,5,4,4,4,4,3,5,4,4,5,5,5,4,4,4,4,4,5,4,5,5,5,5,5,3,5,,4.37037037,,,,,,,,,,,,,,,,,,,,,,,,,,,,,,,
B,src08_hrc15.avi               ,3,3,3,3,1,2,2,3,3,3,3,3,2,2,4,3,2,3,2,3,3,3,3,4,3,2,2,,2.703703704,,,,,,,,,,,,,,,,,,,,,,,,,,,,,,,
A,src08_hrc16.avi               ,1,2,2,2,1,1,1,1,1,2,1,2,1,2,1,1,1,3,1,2,1,1,1,1,2,2,3,,1.481481481,,,,,,,,,,,,,,,,,,,,,,,,,,,,,,,
B,src08_hrc17.avi               ,2,3,3,3,1,3,2,3,3,3,2,2,2,2,3,3,2,4,4,3,3,3,2,3,3,2,3,,2.666666667,,,,,,,,,,,,,,,,,,,,,,,,,,,,,,,
A,src08_hrc18.avi               ,2,3,3,3,2,2,2,3,2,3,2,4,2,1,2,2,3,3,4,3,2,2,3,2,2,2,3,,2.481481481,,,,,,,,,,,,,,,,,,,,,,,,,,,,,,,
B,src08_hrc19.avi               ,1,2,2,2,1,1,1,1,1,2,1,3,1,1,1,1,1,3,1,2,2,2,1,2,1,2,2,,1.518518519,,,,,,,,,,,,,,,,,,,,,,,,,,,,,,,
A,src08_hrc20.avi               ,1,1,1,1,1,1,1,1,1,1,1,1,1,1,1,1,1,1,2,1,1,1,1,1,1,1,1,,1.037037037,,,,,,,,,,,,,,,,,,,,,,,,,,,,,,,
B,src08_hrc21.avi               ,3,2,5,5,4,4,5,5,5,5,4,4,5,4,4,5,5,4,4,5,5,5,5,4,5,5,4,,4.444444444,,,,,,,,,,,,,,,,,,,,,,,,,,,,,,,
A,src08_hrc22.avi               ,4,4,4,5,4,4,4,5,3,4,4,5,4,4,4,5,5,4,5,5,4,5,4,5,4,4,5,,4.333333333,,,,,,,,,,,,,,,,,,,,,,,,,,,,,,,
B,src08_hrc22.avi               ,4,3,5,4,4,4,5,4,4,4,5,5,5,4,4,5,5,4,5,4,4,5,4,5,4,5,4,,4.37037037,,,,,,,,,,,,,,,,,,,,,,,,,,,,,,,
A,src08_hrc23.avi               ,3,2,3,3,2,3,2,4,3,3,3,4,2,2,2,3,3,4,3,4,3,4,3,2,3,3,4,,2.962962963,,,,,,,,,,,,,,,,,,,,,,,,,,,,,,,
B,src08_hrc23.avi               ,3,3,3,3,3,2,1,2,3,4,3,3,1,3,3,4,2,3,4,3,3,4,3,3,2,3,2,,2.814814815,,,,,,,,,,,,,,,,,,,,,,,,,,,,,,,
A,src08_hrc24.avi               ,2,2,1,2,1,1,1,1,2,2,2,1,1,1,1,1,1,2,1,2,1,1,1,2,1,1,1,,1.333333333,,,,,,,,,,,,,,,,,,,,,,,,,,,,,,,
A,src08_hrc28.avi               ,1,2,1,2,1,1,1,1,1,2,2,1,1,1,1,1,1,1,1,1,1,2,2,1,2,2,2,,1.333333333,,,,,,,,,,,,,,,,,,,,,,,,,,,,,,,
B,src08_hrc29.avi               ,2,3,2,2,1,1,1,1,2,3,2,2,1,2,2,1,1,2,3,2,1,3,2,2,2,2,1,,1.814814815,,,,,,,,,,,,,,,,,,,,,,,,,,,,,,,
A,src09_hrc00.avi               ,4,5,5,5,5,4,3,5,5,5,5,5,4,5,4,5,5,5,5,5,5,5,5,5,5,5,4,,4.740740741,,,,,,,,,,,,,,,,,,,,,,,,,,,,,,,
B,src09_hrc00.avi               ,5,5,5,5,5,4,5,5,5,5,5,5,5,5,3,5,5,5,4,5,5,5,5,5,5,5,5,,4.851851852,,,,,,,,,,,,,,,,,,,,,,,,,,,,,,,
A,src09_hrc01.avi               ,4,5,5,4,4,4,3,5,4,5,5,3,4,4,3,4,4,5,4,4,4,4,4,3,4,4,5,,4.111111111,,,,,,,,,,,,,,,,,,,,,,,,,,,,,,,
B,src09_hrc02.avi               ,3,4,3,4,3,3,3,3,4,3,4,3,3,3,3,4,3,4,1,4,3,3,3,3,3,2,3,,3.148148148,,,,,,,,,,,,,,,,,,,,,,,,,,,,,,,
A,src09_hrc03.avi               ,1,3,3,3,3,2,2,3,2,3,2,3,1,1,2,2,3,4,2,3,2,3,3,3,2,3,3,,2.481481481,,,,,,,,,,,,,,,,,,,,,,,,,,,,,,,
B,src09_hrc04.avi               ,2,3,2,2,2,2,2,3,3,2,2,2,2,2,3,2,2,3,2,3,2,3,2,3,3,3,2,,2.37037037,,,,,,,,,,,,,,,,,,,,,,,,,,,,,,,
A,src09_hrc05.avi               ,5,4,4,4,3,4,3,4,4,5,4,4,5,4,4,4,5,4,4,4,4,4,4,5,5,4,4,,4.148148148,,,,,,,,,,,,,,,,,,,,,,,,,,,,,,,
B,src09_hrc06.avi               ,3,3,3,3,2,2,2,2,2,3,4,3,3,3,3,3,3,4,3,3,3,4,3,4,3,3,3,,2.962962963,,,,,,,,,,,,,,,,,,,,,,,,,,,,,,,
A,src09_hrc07.avi               ,1,1,1,3,2,2,1,3,2,2,2,2,1,1,2,2,1,3,1,2,1,2,2,1,2,2,3,,1.777777778,,,,,,,,,,,,,,,,,,,,,,,,,,,,,,,
B,src09_hrc08.avi               ,2,2,1,2,1,2,1,1,1,2,2,2,1,2,2,1,1,3,1,2,2,2,1,2,2,2,1,,1.62962963,,,,,,,,,,,,,,,,,,,,,,,,,,,,,,,
A,src09_hrc09.avi               ,4,5,4,5,5,4,4,5,4,5,5,4,4,5,4,4,5,5,5,5,3,4,4,4,5,4,5,,4.444444444,,,,,,,,,,,,,,,,,,,,,,,,,,,,,,,
B,src09_hrc10.avi               ,3,3,3,5,2,3,2,4,3,2,4,3,2,4,3,4,3,4,2,4,3,4,2,3,2,3,3,,3.074074074,,,,,,,,,,,,,,,,,,,,,,,,,,,,,,,
A,src09_hrc11.avi               ,2,2,2,2,1,1,1,2,1,2,1,1,1,1,1,1,1,3,1,2,2,2,1,1,2,2,2,,1.518518519,,,,,,,,,,,,,,,,,,,,,,,,,,,,,,,
B,src09_hrc12.avi               ,1,1,1,2,1,1,1,1,1,1,2,1,1,1,1,1,1,1,1,1,1,1,1,1,1,1,1,,1.074074074,,,,,,,,,,,,,,,,,,,,,,,,,,,,,,,
A,src09_hrc13.avi               ,4,5,4,4,4,4,3,5,4,4,5,4,5,4,3,4,5,5,4,4,3,4,4,5,4,4,4,,4.148148148,,,,,,,,,,,,,,,,,,,,,,,,,,,,,,,
B,src09_hrc14.avi               ,2,4,3,5,3,3,4,3,3,4,4,3,3,4,3,4,3,4,4,4,3,3,3,5,3,4,2,,3.444444444,,,,,,,,,,,,,,,,,,,,,,,,,,,,,,,
A,src09_hrc15.avi               ,2,2,1,2,1,1,1,1,2,2,2,2,1,1,1,1,1,3,1,2,2,2,2,2,2,2,2,,1.62962963,,,,,,,,,,,,,,,,,,,,,,,,,,,,,,,
B,src09_hrc16.avi               ,1,1,1,1,1,1,1,1,1,1,1,1,1,1,1,1,1,1,1,1,1,1,1,1,1,1,1,,1,,,,,,,,,,,,,,,,,,,,,,,,,,,,,,,
A,src09_hrc17.avi               ,2,3,3,3,1,2,3,2,2,3,3,2,1,1,2,2,2,4,4,3,3,3,3,2,3,3,3,,2.518518519,,,,,,,,,,,,,,,,,,,,,,,,,,,,,,,
B,src09_hrc18.avi               ,1,2,1,2,2,2,2,1,2,2,1,2,1,2,2,2,1,3,1,2,2,2,2,2,2,2,1,,1.740740741,,,,,,,,,,,,,,,,,,,,,,,,,,,,,,,
A,src09_hrc19.avi               ,1,2,1,2,1,1,1,1,1,1,1,2,1,1,1,1,1,1,1,1,1,1,1,1,1,2,1,,1.148148148,,,,,,,,,,,,,,,,,,,,,,,,,,,,,,,
B,src09_hrc20.avi               ,1,1,1,1,1,1,1,1,1,1,1,1,1,1,1,1,1,1,1,1,1,1,1,1,1,1,1,,1,,,,,,,,,,,,,,,,,,,,,,,,,,,,,,,
A,src09_hrc21.avi               ,4,4,5,4,4,4,4,5,4,5,4,4,4,5,3,5,5,5,5,5,3,4,4,3,4,4,4,,4.222222222,,,,,,,,,,,,,,,,,,,,,,,,,,,,,,,
A,src09_hrc22.avi               ,3,4,3,4,3,3,1,2,3,4,2,3,2,3,3,3,3,4,4,4,3,3,3,4,3,3,3,,3.074074074,,,,,,,,,,,,,,,,,,,,,,,,,,,,,,,
B,src09_hrc22.avi               ,2,4,2,4,3,3,3,3,3,3,4,3,3,3,3,3,3,4,3,4,3,4,3,5,3,3,2,,3.185185185,,,,,,,,,,,,,,,,,,,,,,,,,,,,,,,
A,src09_hrc23.avi               ,1,2,1,2,1,2,1,1,1,2,2,2,1,1,1,1,1,3,2,2,1,2,2,2,2,2,2,,1.592592593,,,,,,,,,,,,,,,,,,,,,,,,,,,,,,,
B,src09_hrc23.avi               ,1,2,1,2,1,2,1,2,3,2,2,1,1,2,2,1,2,3,1,3,2,2,2,2,1,2,2,,1.777777778,,,,,,,,,,,,,,,,,,,,,,,,,,,,,,,
B,src09_hrc24.avi               ,1,1,1,1,1,1,1,1,1,1,1,1,1,1,1,1,1,1,1,1,1,1,1,1,1,1,1,,1,,,,,,,,,,,,,,,,,,,,,,,,,,,,,,,
B,src09_hrc28.avi               ,1,1,1,1,1,1,1,1,1,2,1,1,1,2,1,1,1,1,2,1,1,1,1,1,1,1,1,,1.111111111,,,,,,,,,,,,,,,,,,,,,,,,,,,,,,,
A,src09_hrc29.avi               ,1,2,1,2,1,1,1,1,1,2,2,1,1,1,1,1,1,2,1,1,1,1,1,1,1,2,1,,1.222222222,,,,,,,,,,,,,,,,,,,,,,,,,,,,,,,
A,src10_hrc00.avi               ,4,4,5,5,5,4,5,5,5,5,5,5,4,5,4,5,5,5,4,5,5,4,5,5,5,4,5,,4.703703704,,,,,,,,,,,,,,,,,,,,,,,,,,,,,,,
B,src10_hrc00.avi               ,5,5,5,4,5,5,5,5,5,5,5,5,5,5,4,5,5,5,4,5,5,5,5,5,5,5,5,,4.888888889,,,,,,,,,,,,,,,,,,,,,,,,,,,,,,,
B,src10_hrc01.avi               ,3,4,5,3,4,4,4,5,4,5,4,4,4,4,3,4,4,5,4,5,4,4,4,4,5,3,4,,4.074074074,,,,,,,,,,,,,,,,,,,,,,,,,,,,,,,
A,src10_hrc02.avi               ,2,3,3,3,3,2,2,4,4,5,2,4,2,1,2,3,2,4,5,4,3,2,3,3,2,3,4,,2.962962963,,,,,,,,,,,,,,,,,,,,,,,,,,,,,,,
B,src10_hrc03.avi               ,1,2,2,2,1,2,1,2,2,3,2,2,1,2,2,3,2,3,2,2,2,3,2,3,2,2,2,,2.037037037,,,,,,,,,,,,,,,,,,,,,,,,,,,,,,,
A,src10_hrc04.avi               ,2,1,2,2,1,2,1,2,2,4,2,1,2,2,2,2,1,3,3,2,2,1,3,2,2,2,3,,2,,,,,,,,,,,,,,,,,,,,,,,,,,,,,,,
B,src10_hrc05.avi               ,4,5,5,4,4,3,4,4,4,5,4,3,5,3,3,5,3,4,4,4,4,4,4,3,4,3,4,,3.925925926,,,,,,,,,,,,,,,,,,,,,,,,,,,,,,,
A,src10_hrc06.avi               ,3,3,4,3,3,2,2,4,3,5,2,4,2,2,2,3,2,4,4,3,4,3,3,2,4,3,5,,3.111111111,,,,,,,,,,,,,,,,,,,,,,,,,,,,,,,
B,src10_hrc07.avi               ,2,2,1,2,1,1,1,2,2,3,1,2,2,2,2,2,1,2,1,2,2,2,2,1,2,2,2,,1.740740741,,,,,,,,,,,,,,,,,,,,,,,,,,,,,,,
A,src10_hrc08.avi               ,2,1,1,2,1,1,1,1,2,3,1,2,1,1,1,1,1,2,1,1,2,1,1,2,2,2,2,,1.444444444,,,,,,,,,,,,,,,,,,,,,,,,,,,,,,,
B,src10_hrc09.avi               ,3,4,5,4,3,3,4,5,4,5,4,5,4,4,3,5,4,4,4,4,5,4,4,4,4,4,4,,4.074074074,,,,,,,,,,,,,,,,,,,,,,,,,,,,,,,
A,src10_hrc10.avi               ,3,2,3,3,3,2,2,4,3,5,2,3,2,2,2,3,2,3,4,3,3,2,3,1,4,3,3,,2.777777778,,,,,,,,,,,,,,,,,,,,,,,,,,,,,,,
B,src10_hrc11.avi               ,1,1,1,2,2,2,1,1,2,2,2,2,1,1,2,1,1,2,2,2,2,2,1,2,2,2,2,,1.62962963,,,,,,,,,,,,,,,,,,,,,,,,,,,,,,,
A,src10_hrc12.avi               ,1,1,1,1,1,1,1,1,1,1,1,1,1,1,1,1,1,1,1,1,2,1,1,1,1,1,1,,1.037037037,,,,,,,,,,,,,,,,,,,,,,,,,,,,,,,
B,src10_hrc13.avi               ,3,4,5,4,4,4,4,5,5,5,4,4,4,5,3,4,5,4,3,4,5,4,4,4,5,3,5,,4.185185185,,,,,,,,,,,,,,,,,,,,,,,,,,,,,,,
A,src10_hrc14.avi               ,3,3,4,3,2,2,3,4,4,5,3,3,2,3,2,3,1,4,3,3,5,2,2,2,4,2,4,,3,,,,,,,,,,,,,,,,,,,,,,,,,,,,,,,
B,src10_hrc15.avi               ,1,1,2,1,1,1,1,2,2,3,2,2,2,2,2,2,1,2,1,2,2,1,2,1,2,1,2,,1.62962963,,,,,,,,,,,,,,,,,,,,,,,,,,,,,,,
A,src10_hrc16.avi               ,2,1,1,1,1,1,1,1,2,1,1,1,1,1,1,1,1,1,3,1,1,1,1,1,2,1,1,,1.185185185,,,,,,,,,,,,,,,,,,,,,,,,,,,,,,,
B,src10_hrc17.avi               ,2,2,2,2,3,2,2,3,2,3,3,2,2,2,2,3,2,4,4,3,2,2,3,2,3,3,2,,2.481481481,,,,,,,,,,,,,,,,,,,,,,,,,,,,,,,
A,src10_hrc18.avi               ,2,1,1,2,1,1,2,1,2,3,2,2,2,1,2,2,1,2,4,2,2,1,2,2,2,2,2,,1.814814815,,,,,,,,,,,,,,,,,,,,,,,,,,,,,,,
B,src10_hrc19.avi               ,1,1,1,1,1,1,1,1,1,1,1,1,1,1,1,1,1,1,1,1,1,1,1,2,1,1,1,,1.037037037,,,,,,,,,,,,,,,,,,,,,,,,,,,,,,,
A,src10_hrc20.avi               ,1,1,1,1,1,1,1,1,1,1,1,1,1,1,1,1,1,1,1,1,1,1,1,1,1,1,1,,1,,,,,,,,,,,,,,,,,,,,,,,,,,,,,,,
B,src10_hrc21.avi               ,4,4,5,4,5,3,4,5,4,5,4,4,4,4,3,4,4,5,3,4,5,4,4,4,4,4,4,,4.111111111,,,,,,,,,,,,,,,,,,,,,,,,,,,,,,,
A,src10_hrc22.avi               ,2,2,3,3,4,1,2,4,3,5,3,3,3,2,2,3,2,3,4,3,4,3,4,2,4,4,4,,3.037037037,,,,,,,,,,,,,,,,,,,,,,,,,,,,,,,
B,src10_hrc22.avi               ,2,2,3,4,3,2,2,4,3,5,3,4,3,4,2,4,2,3,3,3,3,2,3,4,4,2,3,,3.037037037,,,,,,,,,,,,,,,,,,,,,,,,,,,,,,,
A,src10_hrc23.avi               ,1,1,2,2,1,1,1,2,2,2,2,2,1,1,1,1,1,2,4,2,1,1,2,1,2,2,3,,1.62962963,,,,,,,,,,,,,,,,,,,,,,,,,,,,,,,
B,src10_hrc23.avi               ,1,3,1,2,1,2,1,2,2,3,1,2,1,2,1,1,1,2,2,1,2,1,2,2,2,2,1,,1.62962963,,,,,,,,,,,,,,,,,,,,,,,,,,,,,,,
A,src10_hrc24.avi               ,1,1,1,1,1,1,1,1,1,1,1,1,1,1,1,1,1,1,1,1,1,1,1,1,1,2,1,,1.037037037,,,,,,,,,,,,,,,,,,,,,,,,,,,,,,,
A,src10_hrc28.avi               ,1,1,1,1,1,1,1,1,1,2,1,1,1,1,1,1,1,1,1,1,1,1,1,2,1,1,1,,1.074074074,,,,,,,,,,,,,,,,,,,,,,,,,,,,,,,
B,src10_hrc29.avi               ,1,1,1,2,1,1,1,1,1,2,1,1,1,2,1,1,1,2,2,1,1,1,2,1,2,2,1,,1.296296296,,,,,,,,,,,,,,,,,,,,,,,,,,,,,,,
A,src11_hrc00.avi               ,5,5,4,5,5,5,5,5,4,5,5,5,4,5,3,4,5,5,5,5,5,4,5,5,5,5,5,,4.740740741,,,,,,,,,,,,,,,,,,,,,,,,,,,,,,,
B,src11_hrc00.avi               ,4,5,5,5,4,5,5,5,5,5,5,5,5,5,4,4,5,5,5,5,5,5,5,5,5,5,5,,4.851851852,,,,,,,,,,,,,,,,,,,,,,,,,,,,,,,
A,src11_hrc01.avi               ,4,4,5,5,4,4,5,4,3,5,4,5,3,5,4,4,5,4,4,5,3,5,4,4,4,4,5,,4.259259259,,,,,,,,,,,,,,,,,,,,,,,,,,,,,,,
B,src11_hrc02.avi               ,2,3,4,3,3,3,2,4,3,4,4,3,3,3,4,3,4,5,4,4,3,5,4,3,3,3,4,,3.444444444,,,,,,,,,,,,,,,,,,,,,,,,,,,,,,,
A,src11_hrc03.avi               ,3,3,2,3,2,3,2,4,2,5,2,3,2,2,3,2,1,4,3,4,3,4,3,3,2,3,3,,2.814814815,,,,,,,,,,,,,,,,,,,,,,,,,,,,,,,
B,src11_hrc04.avi               ,2,3,2,2,1,2,1,3,3,3,2,2,3,2,3,2,2,4,4,3,3,3,2,2,3,2,2,,2.444444444,,,,,,,,,,,,,,,,,,,,,,,,,,,,,,,
A,src11_hrc05.avi               ,4,5,4,4,5,4,4,5,4,5,4,4,3,5,4,4,4,4,5,4,4,5,4,5,4,5,5,,4.333333333,,,,,,,,,,,,,,,,,,,,,,,,,,,,,,,
B,src11_hrc06.avi               ,2,4,3,4,3,2,3,5,3,4,4,4,2,2,3,3,3,4,4,4,3,5,3,3,3,3,3,,3.296296296,,,,,,,,,,,,,,,,,,,,,,,,,,,,,,,
A,src11_hrc07.avi               ,1,2,2,3,1,2,2,2,2,4,3,2,1,2,2,1,1,3,2,3,2,3,2,1,3,2,2,,2.074074074,,,,,,,,,,,,,,,,,,,,,,,,,,,,,,,
B,src11_hrc08.avi               ,2,3,2,2,1,1,1,4,3,3,2,2,2,2,3,2,1,3,3,3,2,2,2,2,2,1,2,,2.148148148,,,,,,,,,,,,,,,,,,,,,,,,,,,,,,,
A,src11_hrc09.avi               ,4,4,4,5,3,4,4,5,4,5,3,4,4,5,4,4,5,5,4,5,5,5,4,5,5,4,4,,4.333333333,,,,,,,,,,,,,,,,,,,,,,,,,,,,,,,
B,src11_hrc10.avi               ,3,4,3,3,3,3,3,4,4,4,4,3,3,4,3,3,3,4,4,4,3,4,3,5,3,3,3,,3.444444444,,,,,,,,,,,,,,,,,,,,,,,,,,,,,,,
A,src11_hrc11.avi               ,1,2,1,2,1,1,5,1,2,3,1,2,1,1,1,1,1,3,2,3,2,2,2,2,2,2,2,,1.814814815,,,,,,,,,,,,,,,,,,,,,,,,,,,,,,,
B,src11_hrc12.avi               ,1,1,1,2,1,1,1,1,1,1,1,1,1,2,1,1,1,1,1,2,2,1,2,2,1,1,1,,1.222222222,,,,,,,,,,,,,,,,,,,,,,,,,,,,,,,
A,src11_hrc13.avi               ,4,4,5,4,4,4,4,5,4,5,4,4,4,5,4,3,5,4,5,5,5,4,5,3,4,4,5,,4.296296296,,,,,,,,,,,,,,,,,,,,,,,,,,,,,,,
B,src11_hrc14.avi               ,4,4,4,4,3,3,3,3,3,5,4,4,3,4,3,3,3,4,4,4,3,4,4,3,3,3,4,,3.555555556,,,,,,,,,,,,,,,,,,,,,,,,,,,,,,,
A,src11_hrc15.avi               ,1,2,2,2,1,1,1,2,2,3,2,2,1,2,2,2,1,3,1,3,2,2,2,2,2,2,2,,1.851851852,,,,,,,,,,,,,,,,,,,,,,,,,,,,,,,
B,src11_hrc16.avi               ,1,1,1,1,1,1,1,1,1,1,1,1,1,1,1,1,1,1,1,1,1,1,1,1,1,1,1,,1,,,,,,,,,,,,,,,,,,,,,,,,,,,,,,,
A,src11_hrc17.avi               ,2,3,3,3,1,3,3,3,2,3,2,2,2,2,3,3,3,4,4,4,3,3,2,3,3,3,4,,2.814814815,,,,,,,,,,,,,,,,,,,,,,,,,,,,,,,
B,src11_hrc18.avi               ,2,2,1,2,1,1,2,2,2,3,1,2,2,2,3,2,2,2,2,3,2,3,2,3,2,2,2,,2.037037037,,,,,,,,,,,,,,,,,,,,,,,,,,,,,,,
A,src11_hrc19.avi               ,1,1,1,2,1,1,1,1,1,2,1,1,1,1,1,1,1,2,1,1,1,1,1,3,1,2,1,,1.222222222,,,,,,,,,,,,,,,,,,,,,,,,,,,,,,,
B,src11_hrc20.avi               ,1,1,1,1,1,1,1,1,1,1,1,1,1,1,1,1,1,1,1,1,1,1,1,2,1,1,1,,1.037037037,,,,,,,,,,,,,,,,,,,,,,,,,,,,,,,
A,src11_hrc21.avi               ,3,5,5,5,4,3,4,5,4,5,3,4,3,5,4,4,4,4,5,5,5,5,4,4,5,4,5,,4.296296296,,,,,,,,,,,,,,,,,,,,,,,,,,,,,,,
A,src11_hrc22.avi               ,3,4,3,4,3,3,2,4,3,4,3,3,2,3,4,3,2,4,4,3,3,4,3,3,4,4,3,,3.259259259,,,,,,,,,,,,,,,,,,,,,,,,,,,,,,,
B,src11_hrc22.avi               ,3,4,3,3,3,2,4,5,3,4,5,4,3,4,3,3,3,4,4,4,4,4,3,5,3,3,4,,3.592592593,,,,,,,,,,,,,,,,,,,,,,,,,,,,,,,
A,src11_hrc23.avi               ,1,1,1,2,1,1,1,2,2,3,2,1,1,1,2,2,1,3,2,3,2,2,2,2,2,2,2,,1.740740741,,,,,,,,,,,,,,,,,,,,,,,,,,,,,,,
B,src11_hrc23.avi               ,1,2,1,2,1,2,2,3,2,4,2,2,1,1,2,2,1,3,1,3,2,2,2,1,2,2,2,,1.888888889,,,,,,,,,,,,,,,,,,,,,,,,,,,,,,,
B,src11_hrc24.avi               ,1,1,1,1,1,1,1,1,2,1,1,1,1,1,1,1,1,2,1,1,1,1,1,2,1,1,1,,1.111111111,,,,,,,,,,,,,,,,,,,,,,,,,,,,,,,
B,src11_hrc28.avi               ,1,1,1,1,1,1,1,1,1,1,2,1,1,1,2,1,1,1,2,1,1,1,2,1,1,1,1,,1.148148148,,,,,,,,,,,,,,,,,,,,,,,,,,,,,,,
A,src11_hrc29.avi               ,1,2,1,2,1,1,1,1,2,3,2,2,1,2,1,1,1,2,1,2,2,2,1,1,1,2,1,,1.481481481,,,,,,,,,,,,,,,,,,,,,,,,,,,,,,,
A,src13_hrc00.avi               ,4,5,4,5,5,4,5,5,5,5,4,5,5,5,4,4,5,5,5,5,5,5,5,5,5,4,4,,4.703703704,,,,,,,,,,,,,,,,,,,,,,,,,,,,,,,
B,src13_hrc00.avi               ,3,4,5,5,5,4,4,5,5,5,5,5,4,4,4,4,5,5,4,5,5,5,5,5,5,5,5,,4.62962963,,,,,,,,,,,,,,,,,,,,,,,,,,,,,,,
B,src13_hrc01.avi               ,4,4,5,4,5,4,3,5,4,5,5,4,5,5,4,4,5,4,5,5,5,5,5,5,4,4,4,,4.481481481,,,,,,,,,,,,,,,,,,,,,,,,,,,,,,,
A,src13_hrc02.avi               ,2,4,4,4,4,3,3,5,3,5,3,2,3,3,3,2,3,4,5,4,4,4,4,3,4,3,4,,3.518518519,,,,,,,,,,,,,,,,,,,,,,,,,,,,,,,
B,src13_hrc03.avi               ,2,3,2,3,2,2,2,4,2,3,3,2,2,2,3,2,2,3,3,3,2,3,3,4,2,2,2,,2.518518519,,,,,,,,,,,,,,,,,,,,,,,,,,,,,,,
A,src13_hrc04.avi               ,2,2,2,2,2,1,1,2,1,3,2,2,1,1,3,1,1,3,3,2,2,2,2,1,2,2,3,,1.888888889,,,,,,,,,,,,,,,,,,,,,,,,,,,,,,,
B,src13_hrc05.avi               ,4,4,5,5,4,4,4,5,4,5,4,4,4,4,4,3,5,4,4,4,5,4,5,4,5,4,4,,4.259259259,,,,,,,,,,,,,,,,,,,,,,,,,,,,,,,
A,src13_hrc06.avi               ,3,4,4,4,4,3,2,5,3,5,4,3,3,2,3,3,4,4,4,3,3,5,4,3,5,4,4,,3.62962963,,,,,,,,,,,,,,,,,,,,,,,,,,,,,,,
B,src13_hrc07.avi               ,2,2,2,3,1,2,2,2,3,2,3,2,2,1,2,2,3,3,2,2,2,3,1,4,2,2,2,,2.185185185,,,,,,,,,,,,,,,,,,,,,,,,,,,,,,,
A,src13_hrc08.avi               ,1,2,1,2,1,2,1,2,1,2,2,2,1,1,2,1,1,3,1,2,1,2,2,1,2,2,3,,1.62962963,,,,,,,,,,,,,,,,,,,,,,,,,,,,,,,
B,src13_hrc09.avi               ,5,5,5,5,4,4,4,5,4,5,5,4,4,5,3,4,5,5,3,5,5,5,5,4,5,4,4,,4.481481481,,,,,,,,,,,,,,,,,,,,,,,,,,,,,,,
A,src13_hrc10.avi               ,3,3,5,4,4,3,2,5,3,5,3,3,3,3,3,3,3,4,5,4,3,4,4,2,4,4,5,,3.592592593,,,,,,,,,,,,,,,,,,,,,,,,,,,,,,,
B,src13_hrc11.avi               ,1,3,1,3,2,2,1,4,2,2,2,2,2,2,3,2,2,3,2,3,2,3,4,3,2,2,1,,2.259259259,,,,,,,,,,,,,,,,,,,,,,,,,,,,,,,
A,src13_hrc12.avi               ,1,1,1,2,1,1,1,2,1,1,2,1,1,1,1,1,1,1,1,1,1,2,1,1,1,1,1,,1.148148148,,,,,,,,,,,,,,,,,,,,,,,,,,,,,,,
B,src13_hrc13.avi               ,4,5,5,4,5,4,5,5,4,5,5,3,5,5,4,5,5,5,2,5,5,5,4,4,5,5,4,,4.518518519,,,,,,,,,,,,,,,,,,,,,,,,,,,,,,,
A,src13_hrc14.avi               ,4,3,3,5,3,3,3,5,3,5,5,4,3,3,3,3,3,4,5,3,3,5,4,4,4,3,4,,3.703703704,,,,,,,,,,,,,,,,,,,,,,,,,,,,,,,
B,src13_hrc15.avi               ,2,2,3,3,1,2,2,4,2,2,3,2,2,2,2,1,2,3,3,2,2,3,2,3,2,2,2,,2.259259259,,,,,,,,,,,,,,,,,,,,,,,,,,,,,,,
A,src13_hrc16.avi               ,1,1,1,1,1,1,1,1,1,1,1,1,1,1,1,1,1,2,1,1,2,1,1,1,2,1,1,,1.111111111,,,,,,,,,,,,,,,,,,,,,,,,,,,,,,,
B,src13_hrc17.avi               ,1,2,2,2,1,2,1,4,1,2,2,2,1,2,2,3,2,3,2,4,2,1,3,2,2,3,2,,2.074074074,,,,,,,,,,,,,,,,,,,,,,,,,,,,,,,
A,src13_hrc18.avi               ,2,2,1,2,1,2,1,2,2,2,2,2,1,1,2,1,2,3,2,2,2,2,2,1,1,2,1,,1.703703704,,,,,,,,,,,,,,,,,,,,,,,,,,,,,,,
B,src13_hrc19.avi               ,1,1,1,1,1,1,1,2,1,2,1,1,1,1,2,1,1,1,1,2,1,1,1,1,1,1,1,,1.148148148,,,,,,,,,,,,,,,,,,,,,,,,,,,,,,,
A,src13_hrc20.avi               ,1,1,1,1,1,1,1,1,1,1,1,1,1,1,1,1,1,1,1,1,1,1,1,1,1,1,1,,1,,,,,,,,,,,,,,,,,,,,,,,,,,,,,,,
B,src13_hrc21.avi               ,4,5,5,4,5,4,5,5,4,5,4,4,5,4,3,4,4,5,5,5,4,5,4,4,4,4,5,,4.407407407,,,,,,,,,,,,,,,,,,,,,,,,,,,,,,,
A,src13_hrc22.avi               ,3,3,5,4,4,3,3,5,4,4,4,4,4,4,3,3,3,4,3,4,3,4,5,4,5,4,4,,3.814814815,,,,,,,,,,,,,,,,,,,,,,,,,,,,,,,
B,src13_hrc22.avi               ,4,3,5,4,2,3,3,5,3,4,4,3,3,3,3,3,4,4,4,4,3,4,4,4,4,5,4,,3.666666667,,,,,,,,,,,,,,,,,,,,,,,,,,,,,,,
A,src13_hrc23.avi               ,2,1,3,3,2,2,2,4,2,2,2,2,2,1,2,2,1,3,3,3,2,3,3,2,4,2,2,,2.296296296,,,,,,,,,,,,,,,,,,,,,,,,,,,,,,,
B,src13_hrc23.avi               ,4,3,3,4,1,2,2,2,2,3,3,2,2,1,3,2,3,4,2,3,2,3,3,2,1,2,3,,2.481481481,,,,,,,,,,,,,,,,,,,,,,,,,,,,,,,
A,src13_hrc24.avi               ,1,1,1,2,1,1,1,1,1,1,1,1,1,1,1,1,1,1,1,1,1,1,1,2,1,1,1,,1.074074074,,,,,,,,,,,,,,,,,,,,,,,,,,,,,,,
A,src13_hrc28.avi               ,4,1,1,1,1,1,1,1,1,1,1,1,1,1,2,1,1,1,2,1,1,1,2,1,2,1,1,,1.259259259,,,,,,,,,,,,,,,,,,,,,,,,,,,,,,,
B,src13_hrc29.avi               ,1,1,1,2,1,1,1,2,1,2,2,1,1,1,1,1,1,2,1,2,1,2,2,1,1,1,1,,1.296296296,,,,,,,,,,,,,,,,,,,,,,,,,,,,,,,
A,src21_hrc25.avi               ,2,1,2,2,1,2,1,1,1,4,2,1,1,2,1,1,3,1,3,1,1,2,3,2,3,2,1,,1.740740741,,,,,,,,,,,,,,,,,,,,,,,,,,,,,,,
B,src21_hrc26.avi               ,2,3,2,3,1,2,3,1,3,1,3,2,2,1,2,2,2,4,2,3,2,3,2,2,2,2,2,,2.185185185,,,,,,,,,,,,,,,,,,,,,,,,,,,,,,,
B,src21_hrc26.avi               ,1,3,1,3,2,2,2,1,3,2,2,3,1,2,2,2,2,4,3,3,2,3,2,4,1,3,1,,2.222222222,,,,,,,,,,,,,,,,,,,,,,,,,,,,,,,
A,src21_hrc27.avi               ,4,4,2,4,3,3,3,4,4,4,2,4,3,2,3,2,3,4,3,4,4,2,3,3,4,3,3,,3.222222222,,,,,,,,,,,,,,,,,,,,,,,,,,,,,,,
B,src22_hrc25.avi               ,1,1,2,2,2,1,1,1,1,3,2,2,1,3,1,1,2,2,1,1,1,2,3,2,3,1,1,,1.62962963,,,,,,,,,,,,,,,,,,,,,,,,,,,,,,,
A,src22_hrc26.avi               ,1,2,2,3,1,2,1,2,2,3,3,2,2,2,2,1,3,3,4,2,2,2,3,2,3,2,2,,2.185185185,,,,,,,,,,,,,,,,,,,,,,,,,,,,,,,
B,src22_hrc27.avi               ,3,3,3,3,3,3,3,4,3,4,3,4,2,3,3,3,3,4,3,4,3,5,3,3,2,3,3,,3.185185185,,,,,,,,,,,,,,,,,,,,,,,,,,,,,,,
B,src24_hrc25.avi               ,1,2,3,2,2,2,1,1,3,4,1,2,1,2,1,1,2,1,1,1,1,2,3,1,3,2,1,,1.740740741,,,,,,,,,,,,,,,,,,,,,,,,,,,,,,,
A,src24_hrc26.avi               ,3,2,3,3,2,3,2,4,5,2,4,2,2,2,3,3,2,4,4,3,2,2,3,3,2,3,2,,2.777777778,,,,,,,,,,,,,,,,,,,,,,,,,,,,,,,
B,src24_hrc27.avi               ,3,4,4,4,3,3,2,4,3,4,3,3,2,3,3,3,3,4,4,4,2,5,3,4,3,4,2,,3.296296296,,,,,,,,,,,,,,,,,,,,,,,,,,,,,,,
A,src25_hrc25.avi               ,1,1,3,2,1,1,1,1,2,5,1,1,1,2,1,1,2,1,1,1,1,2,3,1,2,1,1,,1.518518519,,,,,,,,,,,,,,,,,,,,,,,,,,,,,,,
B,src25_hrc26.avi               ,2,2,3,2,2,2,1,2,2,3,2,2,2,4,2,2,3,3,1,2,2,3,2,2,2,2,2,,2.185185185,,,,,,,,,,,,,,,,,,,,,,,,,,,,,,,
A,src25_hrc27.avi               ,3,3,4,3,3,3,2,4,3,5,3,4,2,4,3,3,4,4,4,3,4,4,4,3,3,3,5,,3.444444444,,,,,,,,,,,,,,,,,,,,,,,,,,,,,,,
A,src27_hrc25.avi               ,1,1,2,2,1,1,1,1,1,5,1,2,2,2,1,1,2,1,1,1,2,2,3,2,3,2,2,,1.703703704,,,,,,,,,,,,,,,,,,,,,,,,,,,,,,,
B,src27_hrc26.avi               ,1,3,3,3,2,4,2,4,2,3,4,2,5,2,3,2,3,4,5,4,3,3,4,4,2,3,2,,3.037037037,,,,,,,,,,,,,,,,,,,,,,,,,,,,,,,
A,src27_hrc27.avi               ,3,4,4,4,2,4,3,3,3,5,4,4,4,3,3,3,4,4,5,5,4,4,4,4,4,3,3,,3.703703704,,,,,,,,,,,,,,,,,,,,,,,,,,,,,,,
B,src28_hrc25.avi               ,1,2,4,2,2,2,1,2,1,4,2,2,1,3,1,1,4,1,3,1,1,2,2,2,4,4,1,,2.074074074,,,,,,,,,,,,,,,,,,,,,,,,,,,,,,,
A,src28_hrc26.avi               ,1,3,4,4,3,4,2,4,3,3,4,3,2,3,3,2,3,3,3,3,3,5,3,4,3,3,4,,3.148148148,,,,,,,,,,,,,,,,,,,,,,,,,,,,,,,
B,src28_hrc27.avi               ,3,4,4,4,3,4,5,5,3,4,4,4,3,4,5,3,2,4,4,3,4,3,3,3,3,5,3,,3.666666667,,,,,,,,,,,,,,,,,,,,,,,,,,,,,,,
A,src29_hrc25.avi               ,1,1,4,2,2,2,1,1,2,5,2,2,2,3,1,1,3,1,2,1,2,2,3,1,5,2,1,,2.037037037,,,,,,,,,,,,,,,,,,,,,,,,,,,,,,,
B,src29_hrc26.avi               ,2,4,4,5,4,3,4,4,3,4,4,4,3,4,3,4,5,4,5,3,4,5,4,5,4,4,2,,3.851851852,,,,,,,,,,,,,,,,,,,,,,,,,,,,,,,
A,src29_hrc27.avi               ,4,5,3,4,4,4,3,5,4,5,4,4,3,3,3,4,5,5,4,5,4,4,5,5,4,5,5,,4.185185185,,,,,,,,,,,,,,,,,,,,,,,,,,,,,,,
A,src31_hrc25.avi               ,1,1,3,2,1,2,1,1,2,2,1,1,1,2,1,1,2,1,2,1,1,2,3,1,2,2,1,,1.518518519,,,,,,,,,,,,,,,,,,,,,,,,,,,,,,,
B,src31_hrc26.avi               ,1,3,3,3,3,3,2,3,4,4,5,2,2,2,3,2,3,4,4,4,3,3,3,1,3,3,1,,2.851851852,,,,,,,,,,,,,,,,,,,,,,,,,,,,,,,
A,src31_hrc27.avi               ,4,3,3,4,3,3,4,5,3,5,3,4,2,4,3,3,2,4,4,4,3,3,4,2,3,4,3,,3.407407407,,,,,,,,,,,,,,,,,,,,,,,,,,,,,,,
B,src33_hrc25.avi               ,1,2,3,2,2,2,1,1,1,4,2,2,1,3,1,1,3,2,1,1,1,2,3,1,3,1,1,,1.777777778,,,,,,,,,,,,,,,,,,,,,,,,,,,,,,,
A,src33_hrc26.avi               ,1,3,3,3,2,3,3,5,2,4,2,3,2,3,3,2,3,4,4,2,3,4,3,3,4,2,2,,2.888888889,,,,,,,,,,,,,,,,,,,,,,,,,,,,,,,
B,src33_hrc27.avi               ,1,2,4,3,2,3,3,3,3,3,4,3,4,2,3,2,5,4,3,3,4,5,3,5,3,3,3,,3.185185185,,,,,,,,,,,,,,,,,,,,,,,,,,,,,,,
